product,mean_umux,median_umux,n
Payments,43.21672354948805,37.5,293
Onboarding,48.41346153846154,50.0,260
Search,63.764044943820224,62.5,267
Profile,70.29780564263324,75.0,319
Checkout,74.18032786885246,75.0,244
