segment,mean_umux,n
power,59.03465346534654,202
returning,59.06992084432718,379
unknown,59.52240566037736,424
new,61.507936507936506,378
