{
  "total_rows":1560.0,
  "valid_rows":1383.0,
  "rejected_rows":177.0,
  "rejection_rate":0.1134615385,
  "overall_mean_umux":59.8698481562
}